id,first_name,last_name,Address1,Address2,City,State ,Zip
1001,Clywd,Kopfen,90 Red Cloud Road,Apt 1483,Boston,Massachusetts,02163
1002,Katharine,Dunseath,2 Michigan Lane,Apt 683,Spring,Texas,77386
1003,Glynn,Jeavons,4 Montana Parkway,Apt 1707,Washington,District of Columbia,20036
1004,Bel,Lerwill,21804 Onsgard Pass,Apt 491,Pueblo,Colorado,81010
1005,Eleen,Blyth,2748 Sullivan Circle,Apt 699,Birmingham,Alabama,35231
1006,Merle,Bladesmith,248 Rowland Junction,PO Box 25840,Akron,Ohio,44310
1007,Bride,Fleay,714 Cottonwood Trail,6th Floor,Denver,Colorado,80262
1008,Josey,Cottrill,22 Erie Point,Apt 1944,Oakland,California,94616
1009,Dietrich,Twigley,21396 Marcy Court,PO Box 54906,Lancaster,Pennsylvania,17605
1010,Valentina,Guyan,47160 Pine View Hill,PO Box 37617,Pittsburgh,Pennsylvania,15210
1011,Fredra,Luisetti,3 Schmedeman Drive,9th Floor,Washington,District of Columbia,20029
1012,Katee,Bellamy,35 Morningstar Street,Room 805,New Orleans,Louisiana,70116
1013,Garik,Greig,1845 Mifflin Plaza,PO Box 87627,Saint Louis,Missouri,63110
1014,Hermann,Pearsall,03259 Fallview Plaza,Apt 268,Charleston,West Virginia,25313
1015,Rolando,Kitt,9629 Buena Vista Hill,19th Floor,New Orleans,Louisiana,70179
1016,Moises,Slay,6 Corscot Road,10th Floor,El Paso,Texas,79940
1017,Jeri,Butte,220 Weeping Birch Trail,Apt 194,Madison,Wisconsin,53790
1018,Jaquelyn,Killiner,4 Gateway Pass,2nd Floor,Pensacola,Florida,32526
1019,Lorry,Chiplen,1 Service Crossing,PO Box 56834,San Francisco,California,94147
1020,Vinny,Gasken,1396 Grayhawk Road,Suite 43,Fort Wayne,Indiana,46862
1021,Letti,Leadston,3385 Dahle Way,PO Box 82016,Cincinnati,Ohio,45208
1022,Daloris,Korb,5575 John Wall Center,Apt 1179,Denver,Colorado,80270
1023,Cherri,Sambedge,2690 South Park,Suite 17,San Antonio,Texas,78215
1024,Saloma,Hugk,69500 Spaight Place,Apt 1742,New York City,New York,10125
1025,Stella,Burgott,9619 Ridgeway Pass,Suite 92,San Antonio,Texas,78230
1026,Sawyer,Batcock,8656 Crescent Oaks Place,Apt 1957,Dayton,Ohio,45408
1027,Mata,Duckerin,8609 Luster Center,Suite 38,Columbus,Georgia,31904
1028,Carlyle,Russan,24 Transport Hill,3rd Floor,Virginia Beach,Virginia,23459
1029,Xena,Jocelyn,037 Manufacturers Street,Suite 99,Plano,Texas,75074
1030,Aurie,Haining,143 Onsgard Court,Apt 1308,Hicksville,New York,11854
1031,Dur,Skoggings,5 Welch Junction,PO Box 3938,Denver,Colorado,80262
1032,Richmound,Danielsohn,16379 Swallow Alley,Room 474,South Bend,Indiana,46699
1033,Evelyn,Donnan,8587 8th Hill,Suite 63,Lawrenceville,Georgia,30045
1034,Amabel,Bakster,2644 Buhler Crossing,Suite 65,Nashville,Tennessee,37215
1035,Hester,Searchwell,202 Larry Hill,PO Box 80241,Sacramento,California,95823
1036,Guinevere,Futter,5251 Fisk Crossing,Suite 29,Springfield,Illinois,62718
1037,Neron,Le Houx,6 Schiller Place,PO Box 48670,Washington,District of Columbia,20580
1038,Barron,Grimley,230 Waxwing Way,Room 1164,Roanoke,Virginia,24020
1039,Charley,Kirke,42778 Spenser Center,5th Floor,Columbia,Missouri,65218
1040,Kay,Agron,2 Menomonie Hill,13th Floor,Chicago,Illinois,60669
1041,Bondy,Alday,44 Old Shore Crossing,Apt 157,Albuquerque,New Mexico,87201
1042,Jillian,Risso,945 Eagle Crest Point,PO Box 74066,Terre Haute,Indiana,47805
1043,Bentlee,Dennett,6899 Milwaukee Drive,7th Floor,New York City,New York,10270
1044,Corrie,D'Alessandro,7739 High Crossing Alley,Apt 926,Shawnee Mission,Kansas,66215
1045,Kania,MacIan,808 Schlimgen Way,PO Box 45004,New York City,New York,10280
1046,Bridget,Jemmison,8911 Longview Avenue,Apt 1020,Springfield,Ohio,45505
1047,Noah,Hullyer,08978 Heath Alley,11th Floor,Akron,Ohio,44393
1048,Kara,Georgelin,81726 Prairieview Parkway,Suite 38,Minneapolis,Minnesota,55407
1049,Rey,Rouchy,056 Sloan Plaza,PO Box 3053,Long Beach,California,90847
1050,Marcelo,Heaker,0 Acker Drive,Suite 91,Littleton,Colorado,80126
1051,Gayelord,Fuggles,2 Vera Parkway,PO Box 62499,Fresno,California,93750
1052,Billy,Jubb,967 Annamark Drive,Room 1222,Philadelphia,Pennsylvania,19160
1053,Harrie,Burbidge,0 Melvin Hill,Suite 2,Northridge,California,91328
1054,Viv,McGeaney,11311 Waywood Point,Room 77,Dallas,Texas,75231
1055,Vidovic,Di Roberto,79040 Manley Hill,Suite 20,New York City,New York,10275
1056,Cherida,Bonavia,4664 Mockingbird Lane,Room 207,Philadelphia,Pennsylvania,19172
1057,Sheela,Poulgreen,63 Maryland Park,11th Floor,Fort Worth,Texas,76178
1058,Leeann,Milburn,2031 Swallow Lane,Apt 1650,Pittsburgh,Pennsylvania,15215
1059,Petrina,Tellenbrook,93 Hanover Center,Suite 97,Carson City,Nevada,89706
1060,Brody,Blouet,6371 Grasskamp Crossing,8th Floor,Salt Lake City,Utah,84135
1061,Cyb,Kippin,1 Karstens Lane,Apt 687,El Paso,Texas,88519
1062,Chucho,Duplain,03 Johnson Drive,PO Box 32023,Columbus,Ohio,43231
1063,Ivie,Nesey,4 Sycamore Center,PO Box 38739,Charleston,West Virginia,25362
1064,Ilyssa,Jesper,8 Eastwood Road,Room 449,Norwalk,Connecticut,06859
1065,Betteann,Gedney,670 8th Center,Apt 1109,Wilkes Barre,Pennsylvania,18763
1066,Stafani,Byers,410 Logan Center,Apt 1269,Houston,Texas,77206
1067,Egan,Vescovo,1235 West Crossing,12th Floor,El Paso,Texas,79911
1068,Nicky,Guidini,71 Gerald Court,18th Floor,Charlotte,North Carolina,28215
1069,Randal,Ambrogelli,9160 Sugar Plaza,17th Floor,Fresno,California,93762
1070,Diahann,Pinching,39 Crowley Parkway,Apt 1080,Tulsa,Oklahoma,74108
1071,Sholom,Filippov,57 Daystar Park,Suite 58,Waterbury,Connecticut,06726
1072,Kenon,Wasbey,326 Morrow Avenue,15th Floor,Schenectady,New York,12305
1073,Bay,Beavors,32693 Mitchell Trail,Suite 7,Stockton,California,95205
1074,Salomi,Dominique,08 Hansons Way,Room 1502,Ocala,Florida,34474
1075,Dru,Gratrix,202 La Follette Crossing,Suite 55,Columbus,Ohio,43240
1076,Cesaro,Ealam,575 Jackson Center,PO Box 17428,Cleveland,Ohio,44105
1077,Lura,McGarrell,1 Warrior Parkway,PO Box 98756,Scottsdale,Arizona,85260
1078,Nona,Ferreres,008 Crowley Court,Room 1916,Akron,Ohio,44329
1079,Winonah,Cromb,831 Oriole Street,Apt 1454,Minneapolis,Minnesota,55480
1080,Isa,Klisch,78019 Rusk Alley,PO Box 98421,Northridge,California,91328
1081,Benoit,English,6 Hagan Plaza,Apt 294,Fresno,California,93709
1082,Jennette,Antoszewski,3 Grasskamp Circle,Suite 74,Maple Plain,Minnesota,55572
1083,Fredra,Cowley,3 Elmside Alley,10th Floor,Washington,District of Columbia,20520
1084,Casi,Jehan,07 Dawn Point,3rd Floor,South Bend,Indiana,46620
1085,Meridel,Knotton,69 Montana Trail,Room 1259,Homestead,Florida,33034
1086,Ambrose,McKeag,1 Marcy Park,Room 335,Phoenix,Arizona,85053
1087,Raf,Lufkin,35678 Huxley Center,10th Floor,Austin,Texas,78715
1088,Verene,Demead,25705 Ludington Terrace,PO Box 44906,Baton Rouge,Louisiana,70836
1089,Leupold,Fearns,6 Garrison Place,Apt 1684,Dallas,Texas,75210
1090,Shanie,Rubinowitch,5 Laurel Center,Suite 59,Denver,Colorado,80262
1091,Der,Willoughby,6 Becker Junction,Room 581,Topeka,Kansas,66642
1092,Keslie,Jowers,24320 Golf Circle,PO Box 56706,New York City,New York,10099
1093,Raimundo,Glencrash,2721 Evergreen Street,Room 1813,Los Angeles,California,90101
1094,Ryley,Bonham,7491 Meadow Vale Pass,Apt 1340,Toledo,Ohio,43605
1095,Micki,Dubble,53864 Elmside Lane,PO Box 46455,Des Moines,Iowa,50310
1096,Levon,Philpin,63148 Lerdahl Pass,PO Box 95464,Pittsburgh,Pennsylvania,15205
1097,Lemuel,Merrell,03861 Debs Point,Room 371,Orlando,Florida,32854
1098,Rosana,O'Dowgaine,9 Towne Terrace,PO Box 83575,Green Bay,Wisconsin,54313
1099,Warren,Ingyon,5 Charing Cross Junction,7th Floor,Dulles,Virginia,20189
1100,Selena,Enterlein,717 Rutledge Junction,12th Floor,Naples,Florida,34102
1101,Cory,Donet,12607 Lotheville Court,18th Floor,Santa Cruz,California,95064
1102,Salvidor,Hann,113 Hallows Avenue,Suite 74,Hyattsville,Maryland,20784
1103,Cooper,Scurrer,33 Fremont Street,10th Floor,Abilene,Texas,79605
1104,Brandais,Gutteridge,7 Amoth Avenue,Room 1851,Salt Lake City,Utah,84199
1105,Kennie,McGing,3602 Elgar Parkway,Suite 72,Cincinnati,Ohio,45223
1106,Oates,Peers,55 Myrtle Park,Suite 99,Jacksonville,Florida,32259
1107,Jasun,Bolsteridge,997 Pond Drive,5th Floor,Orange,California,92862
1108,Gal,Larkings,7 Vahlen Circle,11th Floor,Baltimore,Maryland,21216
1109,Batholomew,Sandbatch,4 Sachtjen Center,Apt 1311,Sacramento,California,95833
1110,Carri,Jakubovsky,65 Melby Trail,Room 1716,Atlanta,Georgia,30380
1111,Raff,Sample,8124 Florence Park,PO Box 94667,Torrance,California,90510
1112,Cloris,Curedale,4 Delladonna Hill,PO Box 86772,New York City,New York,10150
1113,Ally,Ridgwell,781 Novick Hill,PO Box 91729,San Francisco,California,94159
1114,Nichole,Pirazzi,2 Lawn Junction,Suite 77,Topeka,Kansas,66606
1115,Sergent,Bruhnsen,02495 Forster Circle,Apt 1740,Orlando,Florida,32825
1116,Charleen,Hoffman,71032 Johnson Pass,PO Box 33639,Dallas,Texas,75358
1117,Fina,Wedlake,1 Stone Corner Court,19th Floor,Norfolk,Virginia,23504
1118,Cicily,Hedling,26335 Little Fleur Pass,PO Box 49878,Sacramento,California,94263
1119,Tania,Gerbi,2208 Judy Point,15th Floor,Portland,Oregon,97211
1120,Peter,Sissot,3 Killdeer Parkway,Suite 59,Canton,Ohio,44760
1121,Sandra,Loftie,4819 Katie Terrace,PO Box 22564,Fresno,California,93794
1122,Kaye,Holborn,56 Garrison Drive,PO Box 73494,Washington,District of Columbia,20073
1123,Jordanna,De Ortega,96670 Burning Wood Trail,PO Box 57176,Boca Raton,Florida,33432
1124,Jaquith,Castiglioni,226 Westend Crossing,Apt 1635,Chicago,Illinois,60681
1125,Harwilll,Pendleberry,4 Muir Crossing,Suite 30,Marietta,Georgia,30066
1126,Pia,Jephcott,2104 Chinook Way,PO Box 21405,Atlanta,Georgia,31106
1127,Meredith,Elphick,47030 Gateway Trail,PO Box 44832,Atlanta,Georgia,31119
1128,Belvia,Marieton,26 Walton Avenue,6th Floor,Peoria,Illinois,61651
1129,Belita,Bayford,890 Arapahoe Trail,Apt 1581,Oklahoma City,Oklahoma,73167
1130,Irene,Mowle,17310 Fair Oaks Center,Room 1881,Anaheim,California,92825
1131,Starlene,Heake,5900 Huxley Place,19th Floor,Milwaukee,Wisconsin,53285
1132,Chancey,Scripps,39 Tennyson Park,PO Box 98537,Washington,District of Columbia,20226
1133,Sutton,Fishbourn,1 Longview Avenue,2nd Floor,Abilene,Texas,79605
1134,Elmore,Gorman,84 Surrey Terrace,Apt 1753,Naperville,Illinois,60567
1135,Mathe,Gadeaux,8585 Scoville Point,Room 196,Phoenix,Arizona,85010
1136,Shanon,Coatman,98146 Kingsford Plaza,Room 1517,Louisville,Kentucky,40220
1137,Dot,Narbett,8028 Lighthouse Bay Court,Room 1387,Lexington,Kentucky,40515
1138,Eziechiele,Camilio,1171 Becker Trail,PO Box 78106,Oakland,California,94605
1139,Francklyn,Shorton,042 Oak Terrace,Room 91,New York City,New York,10275
1140,Odey,Pratley,3106 3rd Trail,Room 85,Erie,Pennsylvania,16522
1141,Giorgio,Stanley,93 Mcguire Crossing,Room 1926,Omaha,Nebraska,68105
1142,Micheil,Slessor,6 Arapahoe Park,Apt 416,San Antonio,Texas,78278
1143,Sara,Fireman,8 Hazelcrest Park,Suite 65,El Paso,Texas,79934
1144,Cariotta,Wollaston,057 Gerald Hill,Suite 72,Santa Rosa,California,95405
1145,Eustacia,Sundin,296 Sloan Terrace,Apt 1221,Dallas,Texas,75216
1146,Kelcy,Feldmark,72622 Esch Street,Suite 38,Irvine,California,92612
1147,Ferguson,Tomaszek,68109 Mesta Hill,Room 1797,Stockton,California,95298
1148,Jesse,Sarsons,693 Hauk Point,Room 1556,Springfield,Illinois,62776
1149,Sadella,Fancett,398 Everett Plaza,Room 1066,Tuscaloosa,Alabama,35487
1150,Sven,Runge,72048 Pierstorff Court,Apt 560,Columbus,Ohio,43268
1151,Arlene,Schaffel,24278 Swallow Parkway,Suite 88,Ogden,Utah,84409
1152,Maressa,Sinney,7 Redwing Court,Suite 75,San Diego,California,92191
1153,Roxanna,De Rye Barrett,9 Dexter Pass,Suite 7,Lynchburg,Virginia,24515
1154,Malia,Grieg,43128 Evergreen Point,Suite 74,Jacksonville,Florida,32259
1155,Alfonse,Tineman,93404 Hansons Place,Apt 652,Tacoma,Washington,98481
1156,Ruben,Eldridge,84 Menomonie Lane,1st Floor,Pensacola,Florida,32526
1157,Kellia,Keoghan,602 Debs Circle,Apt 399,Roanoke,Virginia,24020
1158,Teddie,Rhubottom,53588 Farragut Street,PO Box 82285,Louisville,Kentucky,40215
1159,Atlanta,Rubbert,9246 Hintze Drive,Suite 22,Evansville,Indiana,47719
1160,Fayth,Mackiewicz,5798 Cody Pass,Apt 275,Wilkes Barre,Pennsylvania,18763
1161,Jobey,Mold,49460 Express Court,Room 1077,Herndon,Virginia,22070
1162,Nike,Simenot,948 Duke Hill,8th Floor,Birmingham,Alabama,35225
1163,Maddie,Lepick,593 Buell Plaza,Suite 11,Southfield,Michigan,48076
1164,Bird,Dowman,2632 Lunder Plaza,Room 228,Des Moines,Iowa,50315
1165,Uta,Saffe,14 Mallard Circle,15th Floor,Little Egg Harbor ,New Jersey,08087
1166,Ki,Douce,1297 Portage Trail,3rd Floor,Peoria,Arizona,85383
1167,Augustine,Joppich,0433 Bayside Parkway,Suite 61,Minneapolis,Minnesota,55470
1168,Dulciana,Swindall,61763 Service Junction,PO Box 26247,Philadelphia,Pennsylvania,19131
1169,Orlando,Huckin,9939 Tennyson Junction,Suite 40,Jamaica,New York,11470
1170,Haskell,Teasdale-Markie,9 Pearson Park,20th Floor,San Francisco,California,94169
1171,Ora,Balaison,2 Elgar Place,12th Floor,San Francisco,California,94142
1172,Edan,Cribbott,4649 6th Plaza,15th Floor,Arlington,Texas,76096
1173,Markus,Howlett,186 1st Crossing,Suite 42,Gulfport,Mississippi,39505
1174,Auguste,Dobrowski,18 Norway Maple Crossing,PO Box 5838,Topeka,Kansas,66611
1175,Barb,Arkil,25715 Arapahoe Terrace,PO Box 95119,Colorado Springs,Colorado,80951
1176,Shandra,Aulsford,6584 Johnson Hill,Suite 28,Bethlehem,Pennsylvania,18018
1177,Esmeralda,Klimpke,5 Atwood Pass,PO Box 10793,Los Angeles,California,90050
1178,Luciana,Slay,65 Pine View Crossing,Apt 986,Shawnee Mission,Kansas,66215
1179,Kira,Itchingham,53996 Orin Place,PO Box 83473,Dayton,Ohio,45490
1180,Lora,Wisdish,64 Weeping Birch Lane,Room 234,Denver,Colorado,80209
1181,Phaedra,McGoldrick,3721 Lunder Lane,Suite 18,Atlanta,Georgia,30351
1182,Germain,Stirton,06 Dakota Way,Apt 309,Grand Forks,North Dakota,58207
1183,Mile,Strathern,0659 Brown Crossing,PO Box 2819,Birmingham,Alabama,35295
1184,Celene,Weine,748 Vidon Center,Suite 78,Reading,Pennsylvania,19610
1185,Lurleen,Raft,7 Sachtjen Avenue,PO Box 48942,Nashville,Tennessee,37220
1186,Camey,Swanston,71969 Cardinal Crossing,11th Floor,Paterson,New Jersey,07505
1187,Gleda,Briston,26885 Roth Circle,Apt 1508,Sacramento,California,95833
1188,Olav,Bownass,1882 Brentwood Street,Room 1129,Montgomery,Alabama,36119
1189,Artie,Endersby,5641 Prairie Rose Lane,Room 1819,Sacramento,California,95823
1190,Meggie,Sigge,28 Carioca Circle,PO Box 96976,Naples,Florida,33963
1191,Nerty,Stickland,414 Lyons Avenue,Suite 88,Lynn,Massachusetts,01905
1192,Cassius,Climer,02 Bellgrove Place,Suite 64,Savannah,Georgia,31422
1193,Moise,Varns,261 Dorton Plaza,12th Floor,Gainesville,Florida,32627
1194,Gwenni,McCorrie,318 Eagle Crest Lane,Suite 43,Houston,Texas,77288
1195,Aubrey,Belcham,8564 Artisan Terrace,PO Box 53295,Elmira,New York,14905
1196,Gene,Allonby,56 Sage Pass,Room 360,Jackson,Mississippi,39210
1197,Rob,Clough,1785 Raven Park,Room 1638,Houston,Texas,77035
1198,Aida,Sheere,77 Dixon Court,PO Box 35064,Tallahassee,Florida,32304
1199,Hamish,Brett,14067 Armistice Way,8th Floor,Cedar Rapids,Iowa,52410
1200,Fayina,Gayther,0 Nelson Junction,14th Floor,New York City,New York,10170
1201,Cristobal,Donaldson,3311 Katie Terrace,PO Box 14104,New Hyde Park,New York,11044
1202,Ebba,Wrotham,4845 Service Lane,9th Floor,Arlington,Virginia,22217
1203,Ortensia,Swash,34 Warbler Court,Apt 398,Cumming,Georgia,30130
1204,Joice,Redihalgh,47573 Sage Point,Apt 1423,Kansas City,Missouri,64160
1205,Dina,Seint,625 7th Street,Apt 743,North Little Rock,Arkansas,72199
1206,Palmer,Acres,2 Arrowood Plaza,17th Floor,Boston,Massachusetts,02283
1207,Lib,Jakucewicz,62138 Sunbrook Center,PO Box 6205,New Orleans,Louisiana,70179
1208,Brigitta,Goede,9 Northview Park,12th Floor,Newton,Massachusetts,02458
1209,Jeri,Chipping,01254 Starling Junction,Apt 1292,Mountain View,California,94042
1210,Bryce,Antonovic,7582 Twin Pines Circle,Apt 366,Houston,Texas,77299
1211,Prince,Wildblood,91593 Bultman Drive,PO Box 45748,Dayton,Ohio,45419
1212,Drugi,Bernaldo,06398 Sutherland Plaza,12th Floor,Greensboro,North Carolina,27409
1213,Karrah,Saunt,18952 Atwood Way,8th Floor,Port Washington,New York,11054
1214,Chrotoem,Butler,75411 Barby Parkway,Suite 33,Frederick,Maryland,21705
1215,Fredia,Lockyer,6 Myrtle Junction,Room 1787,Richmond,Virginia,23220
1216,Corby,Bonsul,59 New Castle Hill,Apt 172,Santa Monica,California,90405
1217,Donny,Buchett,003 Fordem Circle,Apt 76,Atlanta,Georgia,30311
1218,Gorden,Keems,6 Dakota Trail,PO Box 73351,Houston,Texas,77293
1219,Evaleen,Gunny,6748 Morning Plaza,PO Box 27685,Portsmouth,New Hampshire,00214
1220,Lenna,Scotter,14 Jackson Center,15th Floor,Minneapolis,Minnesota,55458
1221,Mortimer,McCard,86 Manley Center,PO Box 97968,Trenton,New Jersey,08695
1222,Tedra,Bosse,1182 Beilfuss Alley,5th Floor,Miami,Florida,33245
1223,Ettore,Blackburn,02 Dexter Point,Suite 88,Indianapolis,Indiana,46207
1224,Zabrina,M'Chirrie,2866 Sunnyside Alley,Apt 775,Reston,Virginia,22096
1225,Bettina,Schlagtmans,54 Morrow Circle,Suite 13,Tacoma,Washington,98411
1226,Steffen,Palfreyman,492 Clove Point,Apt 1923,Atlanta,Georgia,30311
1227,Olag,Hugenin,6 Lukken Center,5th Floor,Columbus,Ohio,43268
1228,Royall,Woofenden,4 Towne Place,PO Box 28503,Shawnee Mission,Kansas,66276
1229,Phillis,Moxom,2 Talmadge Alley,Suite 96,Wilmington,Delaware,19897
1230,Xerxes,Anfusso,59840 Kim Court,PO Box 30213,Atlanta,Georgia,30386
1231,Jenny,Lafrentz,08 Bunting Parkway,5th Floor,Humble,Texas,77346
1232,Jessy,Menelaws,933 Lighthouse Bay Avenue,Apt 1149,Waterbury,Connecticut,06705
1233,Ashley,Snoddin,791 Portage Crossing,Suite 65,Birmingham,Alabama,35205
1234,Rivi,Mouser,93 Browning Point,Apt 528,Odessa,Texas,79769
1235,Jazmin,Bayman,864 Cascade Circle,Room 1728,Staten Island,New York,10310
1236,Adelind,Demschke,9 Arizona Drive,3rd Floor,Kansas City,Missouri,64101
1237,Magda,Puttock,23 Pine View Terrace,Apt 1233,Portland,Oregon,97201
1238,Nat,Kennedy,9536 Derek Place,13th Floor,Oxnard,California,93034
1239,Kania,Haberjam,228 Calypso Road,Suite 100,Sacramento,California,95813
1240,Raimondo,Esch,32 Barnett Way,11th Floor,Kansas City,Missouri,64142
1241,Greer,Nacci,4 Kim Terrace,Suite 41,Memphis,Tennessee,38188
1242,Clemmy,Carrivick,05524 Lien Street,Room 583,Louisville,Kentucky,40215
1243,Rosanne,Foulsham,76182 Pond Parkway,Room 1207,Evansville,Indiana,47719
1244,Debby,Crellim,9 Mockingbird Terrace,Room 1740,Chicago,Illinois,60636
1245,Knox,Flear,8 Bayside Avenue,Suite 41,San Bernardino,California,92415
1246,Tootsie,Bicheno,28948 Crest Line Center,PO Box 41429,Louisville,Kentucky,40256
1247,Hilario,Philliskirk,05981 Jackson Trail,Apt 414,Columbus,Georgia,31904
1248,Idalia,Pedrielli,67 Northridge Crossing,Suite 41,Saint Louis,Missouri,63167
1249,Kaylee,Muneely,14302 Carey Terrace,Apt 519,Washington,District of Columbia,20299
1250,Vidovic,McShirrie,0 Chive Center,Room 1444,San Diego,California,92196
1251,Agnesse,Phillott,505 Helena Lane,Room 1094,Washington,District of Columbia,20566
1252,Desmund,Drews,9 Tennyson Terrace,Suite 31,Charlotte,North Carolina,28225
1253,Pamella,Feehily,87167 Coleman Terrace,Room 652,San Diego,California,92196
1254,Reider,Elmar,33830 Hollow Ridge Circle,PO Box 90908,Chicago,Illinois,60619
1255,Meredith,Sambles,95467 Sage Pass,Suite 46,Chesapeake,Virginia,23324
1256,Toiboid,Eringey,2535 Corscot Place,Room 931,Everett,Washington,98206
1257,Valentine,Gregorio,1126 Glendale Drive,Suite 85,Columbus,Ohio,43231
1258,Rouvin,Rain,33 Haas Plaza,PO Box 83423,Mesquite,Texas,75185
1259,Joanne,Evennett,5086 Anhalt Way,Apt 1951,Manahawkin,New Jersey,80005
1260,Mannie,Shelley,091 Jackson Parkway,Room 1095,San Francisco,California,94137
1261,Cloris,Canero,3518 Fieldstone Plaza,Room 1934,Tyler,Texas,75705
1262,Horatius,Chessill,98632 Eastlawn Park,Apt 1361,Chicago,Illinois,60630
1263,Carolee,Bateman,962 Del Sol Junction,PO Box 79194,Saint Louis,Missouri,63126
1264,Demetris,Coton,7 Red Cloud Parkway,PO Box 50956,Peoria,Illinois,61651
1265,Raoul,Wrefford,7973 Rusk Crossing,PO Box 84644,Charlottesville,Virginia,22903
1266,Bertie,Dorracott,77 Warbler Plaza,Room 1950,Houston,Texas,77050
1267,Jordana,Bullin,00 Judy Avenue,Apt 1270,Buffalo,New York,14215
1268,Rubin,Nenci,44877 Talisman Alley,Room 976,Amarillo,Texas,79165
1269,Keelia,Greenacre,08323 Menomonie Alley,Room 1777,Saint Augustine,Florida,32092
1270,Rachelle,Brayson,0 Warrior Place,Apt 545,Denver,Colorado,80204
1271,Larry,Dirand,9 Homewood Drive,Suite 64,Norwalk,Connecticut,06854
1272,Kirbee,Doughtery,3 Ilene Pass,Suite 94,Bronx,New York,10469
1273,Robers,Ebdon,568 Heffernan Parkway,Apt 1156,Atlanta,Georgia,30380
1274,Papagena,Kupisz,158 Lukken Trail,17th Floor,Melbourne,Florida,32941
1275,Zacherie,Dowry,24614 Wayridge Terrace,10th Floor,Miami,Florida,33153
1276,Milena,Agastina,47 Cody Drive,Apt 961,Waco,Texas,76711
1277,Raynard,Hakewell,9310 East Drive,Apt 1798,Indianapolis,Indiana,46254
1278,Brady,Greenier,371 Texas Junction,Room 1204,Miami,Florida,33233
1279,Marie,Casari,20123 Glendale Trail,Room 1276,New Haven,Connecticut,06505
1280,Klaus,Snar,39 Waubesa Point,PO Box 34130,Shawnee Mission,Kansas,66215
1281,Trip,Doe,46 Bowman Hill,Apt 184,Boston,Massachusetts,02124
1282,Crysta,Piolli,92 Hagan Park,10th Floor,Dallas,Texas,75231
1283,Robinette,Barnfield,3703 Shopko Alley,Room 125,New York City,New York,10120
1284,Catlin,Danilin,341 Vera Junction,Room 1341,Charlotte,North Carolina,28242
1285,Serge,Agneau,84406 Vernon Circle,PO Box 29516,Memphis,Tennessee,38197
1286,Dora,Malinson,8839 Spaight Center,10th Floor,Duluth,Minnesota,55805
1287,Rick,Halstead,08007 Carberry Street,Apt 1238,Albany,Georgia,31704
1288,Imojean,Le Hucquet,86346 Rutledge Pass,Room 104,Daytona Beach,Florida,32118
1289,Rafferty,Relph,4 Amoth Avenue,Apt 590,Dayton,Ohio,45440
1290,Nikaniki,Jerdon,91487 Westend Crossing,PO Box 59964,Spokane,Washington,99260
1291,Sigmund,Millins,2 Trailsway Lane,Suite 48,Vienna,Virginia,22184
1292,Arlette,Buxton,1 Larry Crossing,Room 1031,Fresno,California,93740
1293,Ethelyn,Shewen,41400 Rieder Junction,Apt 236,Pittsburgh,Pennsylvania,15250
1294,Hilary,Edes,5 Basil Trail,Room 469,Topeka,Kansas,66606
1295,Candice,Brannon,1953 Portage Crossing,Suite 51,Chicago,Illinois,60674
1296,Vito,Wiffield,01384 Heffernan Crossing,PO Box 32727,Farmington,Michigan,48335
1297,Lorena,Dexter,571 Steensland Place,PO Box 52160,Kansas City,Kansas,66160
1298,Timofei,Bunny,53448 Claremont Alley,10th Floor,Young America,Minnesota,55557
1299,Glyn,Martinelli,26609 Grayhawk Court,Apt 1880,Tacoma,Washington,98417
1300,Abigail,Duiguid,3723 Tennessee Hill,Suite 85,Mobile,Alabama,36689
1301,Shay,Brisland,807 Sutteridge Street,15th Floor,Orlando,Florida,32854
1302,Rosamond,Worcester,657 Marquette Park,Room 1190,Cleveland,Ohio,44177
1303,Isac,Bosse,975 Tomscot Court,Suite 29,Peoria,Illinois,61635
1304,Jareb,Bulbeck,1 Moulton Point,Suite 85,Boston,Massachusetts,02208
1305,Lind,Darte,3943 Park Meadow Crossing,PO Box 8863,Wilmington,Delaware,19805
1306,Adrien,Gulc,0307 Bay Terrace,20th Floor,Fort Wayne,Indiana,46867
1307,Nesta,Polkinghorne,4 Arapahoe Terrace,Apt 871,Fort Lauderdale,Florida,33310
1308,Fremont,Omrod,624 Hanover Terrace,Room 1585,Charlotte,North Carolina,28230
1309,Ianthe,Dymond,38 Butterfield Lane,Apt 1581,Hartford,Connecticut,06183
1310,Brandea,Hare,45 Glendale Crossing,PO Box 39472,Raleigh,North Carolina,27615
1311,Brew,Pedel,3 Springview Circle,5th Floor,Kansas City,Missouri,64101
1312,Keary,Dubique,72882 Onsgard Junction,Apt 1095,Manchester,New Hampshire,03105
1313,Steffane,Zanotti,7960 Main Crossing,Suite 45,Austin,Texas,78732
1314,Marni,Pughsley,7 Columbus Street,9th Floor,Jersey City,New Jersey,07310
1315,Gradeigh,Flett,595 Pine View Avenue,Apt 301,Anniston,Alabama,36205
1316,Christi,De Biasi,61422 Nevada Street,17th Floor,Aurora,Colorado,80044
1317,Grenville,Connolly,289 Buena Vista Trail,Suite 66,Austin,Texas,78778
1318,Cacilia,Blake,340 Union Hill,Apt 640,Vancouver,Washington,98664
